user_id,age,location,interests
1,65,Lisabury,technology
2,65,Lake Brad,"fashion,pets,books"
3,23,East Alyssa,business
4,32,South Davidside,"science,sports,technology,music,food"
5,32,West Ashleyview,"pets,technology,business,food,science"
6,62,Huffhaven,"finance,photography,technology,travel"
7,66,Emilyview,"fitness,photography,books,food"
8,24,Donaldburgh,"movies,music,politics"
9,64,West Jesseberg,"art,photography,sports"
10,53,Amymouth,"business,movies,politics,music"
11,63,Martinfort,"pets,art,food"
12,60,Michaelshire,sports
13,32,Hannaton,"gaming,music"
14,35,East Tinaside,politics
15,31,North Crystal,"art,travel,pets,business"
16,64,Jessicashire,"music,travel,business"
17,42,Lake Brad,"travel,education"
18,67,South Carrieborough,"business,fashion,fitness"
19,70,Port Caleb,fashion
20,43,Parkerborough,fitness
21,31,Christinatown,"music,food,fitness"
22,26,East Valeriehaven,"politics,education,books,photography"
23,34,Quinnfurt,"business,pets"
24,26,Charlesbury,"science,finance,politics,art,fashion"
25,58,Jameshaven,"environment,music,sports,movies,books"
26,42,Marioshire,"science,music"
27,53,Simsville,"pets,education,health,photography"
28,61,Kellistad,movies
29,28,South Markport,"photography,fitness,movies,gaming,science"
30,50,Fieldsmouth,"technology,photography,health,travel"
31,58,Lake Angelastad,gaming
32,52,Bellhaven,"pets,food,books,art,travel"
33,41,West Joseph,"technology,fitness,environment,pets,movies"
34,54,Carlaberg,"fashion,sports,pets"
35,64,East Travis,music
36,60,South James,"music,business,books,finance"
37,56,New Deborahfort,"business,travel,photography,health"
38,43,Kimberlyside,"food,business,pets,gaming"
39,25,North Michael,"education,health,pets"
40,39,Ryanbury,"fashion,music"
41,53,Port Crystal,finance
42,18,Lake Haley,"finance,fashion"
43,32,Baldwinton,sports
44,39,East Rhondaville,sports
45,33,West Kylemouth,health
46,26,Gregoryport,"environment,food,business"
47,30,Lake Kyleview,"finance,environment,fashion,pets,science"
48,60,Christopherfurt,movies
49,64,Tanyafurt,"art,science,finance,education"
50,21,North John,movies
51,30,Ryanfurt,"fitness,movies,fashion,food"
52,47,New Ashley,"education,books,science,travel,photography"
53,69,South Mirandaburgh,"music,education"
54,66,Port Leslieberg,"movies,sports,business,technology,music"
55,49,Scottborough,"travel,science"
56,42,Elliottmouth,"food,politics,sports,travel"
57,34,West Paul,politics
58,27,Jessicastad,"gaming,science,business,environment"
59,21,North Alexis,"gaming,food"
60,55,Russellshire,"business,sports,fitness,finance,health"
61,50,New Patrickport,"health,pets,travel,sports"
62,22,Murrayfort,travel
63,55,Jordanside,"music,fashion,politics,movies,finance"
64,34,Port Amanda,"sports,music,science,health,fitness"
65,34,Lake Fernando,"fitness,fashion"
66,66,North Dwayneview,"books,gaming,education,fitness"
67,47,Adamsfurt,technology
68,26,West Keithland,"finance,movies,music,food,photography"
69,36,New Jonathan,"music,fashion,art"
70,63,Chavezmouth,"education,business"
71,60,Port Aprilview,"pets,health,technology"
72,24,New Nathaniel,"gaming,movies,books,photography,finance"
73,31,East David,"books,photography,gaming,food,fitness"
74,21,East John,"health,environment,photography"
75,35,Lake Bradleybury,science
76,39,West Michael,technology
77,65,Yvonnefort,"photography,travel"
78,25,West Christianside,"business,science,pets,technology"
79,52,Powellborough,books
80,55,Hickstown,art
81,41,Michaelberg,"books,science,pets,sports,gaming"
82,31,Jenniferstad,art
83,67,Port Pamelashire,"movies,art"
84,44,Sanchezmouth,"science,books,fashion,travel,health"
85,65,South Brandonton,travel
86,28,Gregoryfort,"science,fashion,photography"
87,20,Erinview,politics
88,37,West Kevin,"fashion,food,education,art"
89,60,Lambertfurt,"fashion,technology"
90,35,South Karen,"politics,fitness"
91,40,South Aaronfort,photography
92,34,West Amanda,"politics,business,fitness,technology,movies"
93,20,Lake Wayne,"finance,photography"
94,45,South Kenneth,pets
95,25,Ashleyside,"fitness,science,health"
96,63,East Joseph,"finance,food,photography,sports"
97,41,Tapiaville,"technology,health,business,food"
98,64,North Christopher,"music,fitness,finance,movies"
99,38,Andradeberg,"health,gaming,science"
100,44,West Megan,"gaming,business,books,food"
101,53,Alyssaberg,"travel,finance,gaming,politics"
102,36,Williamsmouth,gaming
103,56,East Jessica,"science,finance"
104,61,Chapmanton,"education,pets,finance"
105,68,Stokesside,"health,environment"
106,50,Brianland,"music,gaming"
107,69,Amyshire,"fitness,music,fashion,gaming,business"
108,20,New Glenn,"books,technology"
109,47,New Brandon,"environment,music"
110,43,Martinezton,"finance,food,politics,environment"
111,66,Tarafort,"books,technology"
112,32,New Julie,science
113,21,East Nataliechester,"health,education"
114,60,Wilsonshire,"fashion,movies,education,books,business"
115,53,Lake Olivia,"business,fitness,education,health,science"
116,66,Hartburgh,"travel,environment,education,photography"
117,49,Kylefort,"photography,health"
118,22,Thomaschester,"photography,education"
119,38,South Scotthaven,"fashion,photography,fitness"
120,62,Westton,"music,books,finance,fashion,politics"
121,44,Lake Rita,"food,music"
122,21,West Tina,"fitness,business,education,science"
123,67,Jonesbury,"science,politics"
124,40,Nicholaschester,"technology,finance,politics,environment,pets"
125,65,Jonesborough,"politics,science,business"
126,45,Bryanburgh,"pets,fashion,environment,finance,photography"
127,64,Jenningsburgh,"technology,politics,fitness,finance"
128,57,South Jo,"education,books"
129,26,Stephenborough,"technology,politics,pets,music,science"
130,38,Allenbury,"travel,sports,photography,politics"
131,39,Phillipsport,"education,fitness"
132,48,Dixonburgh,"photography,science,pets,music"
133,21,Port Amanda,business
134,66,Morrisbury,"fashion,music,sports"
135,30,East Barbara,fashion
136,27,Andersonburgh,pets
137,60,North Kenneth,"books,environment"
138,31,South Amberville,finance
139,67,Caseyburgh,"photography,art,travel,movies"
140,55,Lake Robert,"gaming,movies"
141,54,Johnsonfort,gaming
142,24,East Donaldmouth,"politics,food,music,fashion"
143,40,East Mary,"pets,movies,sports"
144,18,West Taylor,"science,art,music,health,fitness"
145,58,Lake Pamelachester,"environment,movies,science,art"
146,59,North Jeanneborough,"books,science,travel,health"
147,47,Peterburgh,"pets,business,environment"
148,23,Port Bridget,"finance,photography,fitness,fashion"
149,54,Burgessfurt,"education,fashion,pets"
150,29,Port Allison,"politics,fitness,technology,environment,finance"
151,35,New Natalieview,"food,art,photography,fitness"
152,23,Odonnellshire,"photography,business,technology,health,food"
153,53,New Brian,"science,environment"
154,46,West Heatherberg,"environment,pets"
155,36,Schneidershire,music
156,37,East Debbie,"politics,fashion"
157,45,Williamstad,"art,environment,business,health,pets"
158,34,Phillipsmouth,"fitness,art,education,photography,gaming"
159,38,Lake Williamville,"movies,food"
160,66,Strongstad,business
161,65,Port Jasonside,"food,pets"
162,24,Chelsealand,"photography,finance,health,gaming"
163,41,North Amyview,"gaming,fashion"
164,63,West Keith,"gaming,technology"
165,62,Frederickton,"books,photography,sports,business,gaming"
166,18,New John,"environment,movies"
167,29,Tiffanystad,"gaming,environment,finance,education,fitness"
168,48,Sandovalchester,photography
169,43,Jamesmouth,music
170,27,Raymondside,"music,finance,sports,books"
171,56,North Cassandra,"gaming,music,fashion,movies,science"
172,46,Stevenside,"pets,fashion,health,politics,education"
173,54,North Mollymouth,"finance,science,gaming"
174,60,New Joshua,"sports,movies,food,business,photography"
175,33,Hernandeztown,travel
176,28,South Lesliestad,"business,music"
177,46,West Vickie,science
178,63,Joyport,"environment,gaming,sports,fashion,finance"
179,34,Spencerhaven,"education,music,fashion"
180,35,Jonathanhaven,"food,science,movies,fashion,books"
181,28,Buchananhaven,"music,sports"
182,46,New Sandrafort,"pets,finance,gaming"
183,62,Jessicahaven,education
184,52,South Rachel,"politics,photography,health"
185,65,East Brandon,"education,music,sports,science"
186,23,South Marissa,"pets,photography,technology"
187,19,Jonesfurt,"finance,pets"
188,48,East Justinton,"finance,sports,travel"
189,23,Lake Markmouth,"education,photography,travel,science,environment"
190,60,Combsberg,"art,science,fitness,business"
191,39,South Ruth,travel
192,47,North Donnafort,"environment,gaming,politics,sports"
193,34,Huntertown,fitness
194,70,South Courtney,"movies,politics,health"
195,47,Adrianport,business
196,57,Christopherfurt,"sports,food,health,art"
197,53,Lake Bruce,"education,sports,food,photography"
198,62,Davisshire,"gaming,education"
199,37,Port Patrickburgh,"movies,technology,fashion,travel"
200,25,Port Ryanland,"technology,business,science,music,fashion"
201,50,Larsenview,"movies,books,environment,gaming"
202,33,New Daniel,"science,environment,finance"
203,56,Reneeton,"business,books,politics,food"
204,68,Hayesborough,"books,music,photography,science,fitness"
205,27,East Jesuston,"photography,technology,gaming,business,environment"
206,53,Taylorport,"business,environment,art,fitness"
207,54,Traciside,"politics,education,fitness,food,fashion"
208,65,Osbornburgh,"fashion,science,sports,fitness"
209,20,Johnnytown,"politics,pets,books,environment"
210,39,Simsberg,"health,finance"
211,24,Oconnorside,education
212,22,Lynchmouth,"education,technology,books,science,business"
213,39,North Matthew,"photography,fitness,politics,music"
214,33,Lake Sherry,"politics,fitness,environment,sports,music"
215,24,Andersonmouth,"fashion,music,science"
216,28,New Steventown,education
217,68,Brownton,"technology,sports,fitness"
218,40,Lake Michaeltown,gaming
219,51,Patelside,"science,books,fashion"
220,23,New Janetfurt,"finance,travel,pets,business"
221,47,South Jeremychester,"politics,fashion,environment,books,finance"
222,69,Lake Ronald,"education,photography,technology"
223,46,Rileystad,"gaming,business,travel,music"
224,62,Emilymouth,"finance,gaming,science"
225,42,East Jenniferside,"education,gaming,food"
226,54,East Holly,"movies,fashion,politics,art"
227,35,Angelaton,"gaming,technology,politics"
228,61,South Mark,finance
229,65,New Amandaside,pets
230,58,South Melissa,"gaming,fashion,art,finance"
231,61,West Tonya,"pets,photography"
232,37,East Alicia,"movies,sports"
233,23,North Davidborough,"sports,finance,art,books"
234,30,Sullivanland,"fitness,science,travel"
235,51,Holderfort,"business,art"
236,65,Elizabethborough,"photography,travel,pets,environment,gaming"
237,27,Brandychester,"movies,education,music"
238,41,Tammyville,"politics,business"
239,18,East Terri,politics
240,41,Robertberg,"business,movies,education"
241,24,Jayville,"finance,politics,art"
242,57,South Julie,"environment,technology"
243,59,West Robertshire,"fitness,fashion,music,education,gaming"
244,37,Willieview,"movies,books,sports,business"
245,42,North Angelaport,"movies,pets,fashion,books"
246,44,South Sheryl,"art,business,science,books"
247,57,Anthonystad,environment
248,46,Staceyview,"photography,sports,art,food"
249,52,East Shawnmouth,"fashion,art,movies,finance"
250,30,East Peggyport,"sports,politics,photography"
251,23,Simpsonborough,education
252,21,Virginiachester,"pets,technology"
253,22,Danielbury,"fashion,books,food"
254,67,East Carlfurt,"food,finance,pets,fashion,fitness"
255,35,Douglasview,"pets,technology"
256,34,Payneburgh,"books,business"
257,26,Hannahshire,"movies,technology"
258,68,Port Andreastad,art
259,19,Edwardstad,"finance,fitness"
260,26,South Toddchester,"photography,sports"
261,46,Kathrynhaven,"health,movies,music,environment"
262,46,East Melaniefurt,"health,finance,movies"
263,59,East Marvin,"fashion,sports,health,gaming,education"
264,48,West Ericland,sports
265,22,East Shannonburgh,"science,movies,environment,education"
266,56,Port Jacquelineberg,fitness
267,35,Angelamouth,"music,books"
268,47,Lake Barbaraport,"finance,business,fitness,politics,gaming"
269,45,Greenhaven,"pets,science,movies,business,food"
270,43,Michelleborough,"fashion,science,fitness,education"
271,60,Lake Alexander,"movies,fitness,science,finance"
272,22,Melanieberg,"art,books,environment"
273,23,Bonillamouth,music
274,55,West Michael,"movies,art,books,sports"
275,60,North Davidmouth,"business,fitness,movies,science,art"
276,24,Fowlerton,"sports,gaming,finance,art"
277,24,Lake Matthew,"health,food,books,environment,fashion"
278,66,Adamfort,"business,art,movies"
279,53,Nelsonview,"finance,fashion,science"
280,29,North Diamond,"pets,business,technology,photography,finance"
281,18,West Davidland,"gaming,fitness,art"
282,60,South Donaldside,"books,finance"
283,65,Jamiefurt,"music,books,technology,pets"
284,28,West Paul,"food,politics,science,education,fitness"
285,21,Larsontown,"gaming,fitness,music"
286,61,Lake Bradley,"travel,sports"
287,46,North Glennberg,photography
288,31,South Daniel,"environment,education,science,photography"
289,61,North David,"movies,art,science,pets,gaming"
290,43,Kellyfurt,"environment,health,gaming,sports,fashion"
291,67,Hahnchester,"sports,technology,food,gaming,business"
292,38,Ginaburgh,"photography,gaming"
293,49,New Amyland,technology
294,50,East Emily,"travel,books,politics,fashion"
295,19,Lake Karla,"art,music,politics,sports,science"
296,63,Gillespieside,"music,fitness,science,politics"
297,38,Port Daniel,"gaming,movies,politics,technology"
298,62,New Haleyshire,"pets,education"
299,33,Smithfurt,"music,science,movies"
300,43,West Andrea,"finance,politics,health,music"
301,67,New Shannonhaven,"fitness,fashion,pets"
302,58,New Markberg,"music,health"
303,50,Lake Patricia,health
304,64,West Mario,"art,pets"
305,27,Carrfort,"fashion,movies"
306,66,Port Amandaburgh,"food,travel,books"
307,67,West Tiffanyton,travel
308,58,Mosleyton,"education,finance,pets,fitness"
309,48,Hillberg,"books,education,music"
310,50,East Codyfurt,"gaming,photography,sports,art"
311,47,South Gregoryview,gaming
312,22,Johnstonton,"sports,pets,art,gaming"
313,56,Andrewtown,pets
314,69,West Kaylaberg,"politics,education,business,sports,finance"
315,21,Tammystad,"food,fitness,environment,health,books"
316,59,Jonesport,"movies,fitness,music,health"
317,63,Lake Rebecca,"sports,fashion"
318,41,Michaelton,"education,health,finance,travel"
319,67,Lake Alexanderville,"gaming,politics,science"
320,22,Port Jessicaton,"pets,sports,fitness"
321,36,Quinnbury,"movies,business,politics"
322,23,Velazquezshire,"pets,books,fitness"
323,56,Tammymouth,"books,art,gaming,politics,pets"
324,53,West Michael,gaming
325,59,Port Claudiaville,"fitness,books,health,music"
326,37,Lake Felicia,"health,art,technology,finance"
327,67,Harrischester,"food,fitness"
328,22,Lake Marissa,"food,fashion,books,business"
329,65,Ariasborough,"movies,health,business"
330,28,West Sheena,"sports,fitness,books,politics,business"
331,64,Port Jasmine,"pets,travel"
332,46,Port Jennifertown,"sports,science,art,fashion"
333,69,North Jesusborough,"gaming,education,fashion,business,pets"
334,67,West Bianca,"food,art,education,business"
335,44,South Maria,"politics,health,finance"
336,34,South Gloria,"food,books"
337,41,South Traci,environment
338,66,Dawnhaven,"movies,health,pets,gaming,music"
339,50,East Mariah,"photography,education"
340,32,Burnsburgh,"science,music"
341,43,Gregoryberg,"art,technology,science,sports"
342,32,Taylortown,"art,fashion,politics,music,pets"
343,24,East Sara,fitness
344,36,Susanstad,"books,pets,sports"
345,23,North Zachary,"books,environment,education,technology"
346,31,West Kelly,photography
347,45,East Seanview,"business,health"
348,33,Randallbury,gaming
349,44,Sandovalburgh,"movies,sports,fashion"
350,58,Susanberg,"education,music,movies,environment,technology"
351,18,Gomezshire,"finance,fashion,books,gaming,science"
352,51,Williamston,"art,fashion,science,travel,music"
353,50,South Patriciaville,"music,health,business"
354,58,East Richard,"business,technology,politics,environment,sports"
355,68,East Dawnborough,"art,photography,technology,pets"
356,33,East Josetown,art
357,65,Port Michelle,finance
358,52,South Ellen,"books,sports,art"
359,58,Andersonland,"travel,education,environment"
360,63,New Joshuaview,"books,music"
361,68,Figueroastad,"sports,gaming,food,pets"
362,37,Colemanside,"sports,fitness"
363,66,Phillipshaven,"politics,business,environment,photography,sports"
364,67,Christopherhaven,"gaming,art"
365,35,East Alan,fitness
366,45,West Tinaside,art
367,49,Port Kaylamouth,"education,politics,fitness,travel"
368,64,North Amanda,"art,health,photography,music"
369,38,Johnsonbury,"music,science,travel,gaming"
370,38,Piercefort,music
371,28,Russomouth,"gaming,education,science"
372,57,Robinsontown,"art,education,sports,pets"
373,41,North Vanessahaven,"photography,sports,music,politics"
374,26,Maryview,"travel,technology,books,education,sports"
375,67,South Sueton,fashion
376,56,South Cynthia,"art,politics,sports"
377,41,Dawnshire,"education,art"
378,41,South Rhonda,"music,finance,books,health"
379,19,Louishaven,"fitness,photography,fashion,movies"
380,42,Cynthiatown,"environment,health"
381,57,North Peter,"movies,photography,finance,education,food"
382,26,Brownmouth,"environment,food,movies"
383,29,Lake Jonathanstad,education
384,53,Washingtonshire,"music,fitness,art,pets"
385,50,Lake Gregory,"gaming,pets,travel,business,art"
386,68,West Calebview,"movies,food"
387,19,West Diana,"fashion,environment"
388,47,Wilsonport,"business,finance,art"
389,63,Hutchinsonstad,"books,music,finance,gaming,politics"
390,26,Kelseyview,"health,science,finance,music"
391,61,North Josephchester,"music,education,finance"
392,45,New Ronaldtown,"art,books,business,travel,finance"
393,28,North Victoriatown,"sports,movies,health,books,gaming"
394,40,East Theresa,"fitness,fashion"
395,26,Jonesville,"gaming,music,photography,food,business"
396,50,Lake Davidville,"pets,business,music"
397,27,East Ryanstad,"finance,pets"
398,54,Gutierrezmouth,"pets,fitness"
399,23,Lake Kennethhaven,technology
400,34,West Brianchester,finance
401,57,West Samantha,"finance,science"
402,58,West Marktown,environment
403,37,North Josephmouth,"gaming,pets,environment,fashion,politics"
404,44,Tammyview,"music,sports,travel,education"
405,38,Hallview,"education,food,fitness,books"
406,66,Andrewfurt,"art,politics,books"
407,38,Edwardsfurt,"health,business,movies"
408,35,Whiteville,"education,movies"
409,36,Coleville,"fashion,books,movies,sports"
410,70,Jonchester,"pets,science,fashion,travel"
411,66,Elizabethshire,"finance,fitness,food"
412,47,Schmidtstad,"environment,health"
413,43,Port Coreychester,"gaming,environment,technology,music"
414,21,Hillside,"education,fashion,food,art,sports"
415,52,New Lisa,"environment,pets,gaming"
416,45,Robertmouth,movies
417,66,Gregoryfurt,"photography,art"
418,54,South Ronald,"art,sports,politics,finance"
419,42,Osbornefurt,"food,art,business,gaming,music"
420,24,Collinstown,"education,business,photography,movies,books"
421,66,Lake Matthewfurt,"art,fitness,business,pets"
422,43,West Jameshaven,"food,health"
423,69,Charlesburgh,"sports,pets,finance,books,fitness"
424,26,Leonland,"health,education,books,pets"
425,43,West Dillonton,"pets,fitness,travel"
426,63,Walshtown,"gaming,finance,fitness,health,environment"
427,61,South Diane,"gaming,environment,technology,art,fitness"
428,55,Emilytown,science
429,59,Rogerschester,"technology,environment,photography"
430,51,West Jacobborough,"finance,fashion,sports,environment,travel"
431,30,East Lisaville,"politics,books,fashion,sports,movies"
432,38,Smithbury,education
433,50,Johnsonstad,"books,science,food,finance"
434,53,Jayville,"environment,sports,books,health,food"
435,38,Port Diana,"environment,health,politics"
436,39,Watsonmouth,"education,business"
437,35,Gonzalezbury,"art,photography,environment,food,fashion"
438,62,New Justinmouth,"gaming,fashion,pets,business,food"
439,36,Lake Michael,"fitness,environment,art,photography"
440,61,Dawnfurt,finance
441,20,New Danashire,"politics,pets,art,books,gaming"
442,59,Jeremyfurt,"music,art,education"
443,70,New Brianport,"environment,food,finance"
444,57,Williamborough,"photography,business,pets,books,movies"
445,58,North Katherine,"fashion,pets,sports,health,finance"
446,44,North Christinetown,"sports,movies"
447,18,New Kevin,"environment,movies,books"
448,66,Jillland,"travel,science,environment,business,food"
449,67,West Steven,"fitness,gaming,sports"
450,32,South Michelle,finance
451,43,Lake Kelsey,"sports,travel,science,finance,pets"
452,37,Lake Theresa,"travel,gaming,sports,technology"
453,59,Lake Michael,"pets,movies,fitness,gaming,education"
454,35,Williamberg,"health,environment,books,pets,education"
455,28,Port Ronald,"movies,fitness"
456,68,Lake Rachel,"photography,travel,technology,fitness"
457,57,Williamhaven,"finance,food,travel"
458,43,North Patrickshire,"science,health,fitness,music"
459,26,West Tiffanyburgh,travel
460,42,West Joshuaview,"fitness,fashion,technology,photography"
461,39,West Robin,"education,photography"
462,34,Lake Cynthia,"finance,pets,technology"
463,47,East Patricia,"fashion,sports,movies"
464,63,New Susan,"travel,politics,health"
465,57,West Kellyport,"movies,gaming,art"
466,48,Brooksview,"fashion,books"
467,44,South Daniel,"education,art"
468,51,Paulstad,"environment,business,food,fashion,music"
469,21,Owenschester,"health,art,music,movies"
470,38,Port Cameron,"health,food,business,books,travel"
471,50,East Franciston,"education,movies,food,environment,music"
472,44,Adamsshire,"sports,education,books,health"
473,61,Robertfort,"finance,sports,business,education"
474,70,Josephport,"technology,politics,photography"
475,55,Olivermouth,food
476,45,East Conniefurt,sports
477,22,South Amyton,"music,business,sports"
478,67,West Brittanytown,"sports,gaming,science,travel"
479,42,Rodrigueztown,"science,art"
480,59,South Robert,"politics,pets,music,books"
481,43,Lake James,"movies,travel,business"
482,47,Lake Brian,"books,fashion,technology,business,gaming"
483,47,North Lisaside,"science,business,politics,fashion,health"
484,64,Jamesside,"books,photography,food"
485,69,Nicholasshire,sports
486,22,Lake Johnmouth,"pets,technology,fashion,food"
487,20,East Erica,pets
488,43,West Amanda,"pets,sports,fashion,finance"
489,26,Sanchezmouth,"fashion,business,food,sports"
490,37,Petersenchester,"gaming,fashion,fitness,business,finance"
491,44,Olsonfurt,"health,fashion"
492,55,Cabreraland,"photography,sports,business"
493,49,Martinside,"science,business"
494,59,New Christina,art
495,27,East Lisastad,"health,fitness,science,business"
496,48,Lake Jacob,"politics,travel,business"
497,63,Reedmouth,"fashion,gaming"
498,53,North Alexis,"education,sports"
499,42,Brandonberg,"science,business,health,books"
500,39,Dustinhaven,"photography,food"
501,41,Tiffanybury,education
502,64,Lisahaven,business
503,42,Wilsonstad,"sports,photography"
504,48,South Jeffreymouth,"pets,sports,music,food,health"
505,18,Andrewside,"fitness,gaming"
506,65,North Davidside,"food,movies"
507,53,Lake Grantstad,"fashion,food,politics,pets"
508,52,Pamelafurt,"gaming,politics,education"
509,50,South Andreashire,"gaming,photography,art"
510,31,Carrollfurt,"education,movies,environment,fitness"
511,54,New Richardberg,"fitness,science,sports"
512,34,Beverlyshire,"books,technology"
513,30,South Jennifer,"finance,pets,science,gaming,books"
514,49,Lake Laurenshire,"fashion,politics,pets"
515,28,East Johnmouth,"fitness,photography,environment,business,education"
516,49,New Chad,"travel,books,business"
517,51,South Brett,"business,sports"
518,70,Vanceshire,music
519,44,New Rebeccaland,technology
520,63,Whitemouth,"fashion,music"
521,50,Kylebury,"technology,food"
522,19,Herrerachester,"art,sports,environment,business"
523,53,New Michellehaven,business
524,52,Thompsontown,"technology,pets,health,photography"
525,69,Courtneyhaven,"technology,health,science"
526,51,Charlesmouth,"movies,pets"
527,57,East Derrickton,"fashion,food"
528,41,Rushstad,"photography,art,pets,politics,music"
529,37,South Timothy,"education,finance,fashion,business"
530,23,Jesseburgh,sports
531,21,Christytown,"politics,pets,business,environment"
532,23,Williamsfurt,travel
533,20,Jennachester,"science,fitness,movies,health"
534,48,Lake Dustin,"food,finance"
535,52,Hartfurt,"sports,music,photography"
536,55,Byrdville,"sports,travel,fitness,technology,food"
537,37,North Richardville,"politics,music"
538,54,North Michaelmouth,"finance,fashion"
539,68,Chavezbury,"business,fitness,politics,books"
540,65,West Jennifer,health
541,32,South Karenland,"sports,movies,science"
542,56,East Sarah,fitness
543,68,South Danielbury,"pets,politics,fitness,technology,photography"
544,45,Lauraburgh,"environment,fashion,art,politics"
545,23,Brittneymouth,"finance,politics"
546,27,Parkerberg,"gaming,fashion,music,business,photography"
547,24,Ericaside,"books,politics,fitness,art"
548,37,South Erica,technology
549,23,Michaelborough,"art,photography,movies,books"
550,53,West Katherine,"science,education"
551,40,Hartchester,"health,science,movies,technology,music"
552,44,Jerryton,"music,fitness,politics,technology,gaming"
553,28,Perrystad,"music,business,fashion,health"
554,35,North Virginiachester,"travel,books,photography,gaming"
555,35,North Melissastad,"books,music,travel,science"
556,34,New Martha,"gaming,environment,music,art"
557,47,North Sabrina,"environment,food"
558,37,South Debramouth,books
559,39,Sandramouth,politics
560,70,Lauraton,"politics,fitness,education,finance,science"
561,38,Bruceborough,"books,gaming,fitness,food,environment"
562,36,Lake Amandaview,"politics,fitness"
563,35,Lake David,"finance,fashion,fitness,politics"
564,61,Carterton,"art,movies,food,travel"
565,62,Melissaburgh,"technology,education,food,finance,gaming"
566,61,West Angelaburgh,science
567,60,New Jennifer,"books,gaming,fashion,photography"
568,22,West Lauraton,"science,politics"
569,62,Port Patricia,"pets,environment,politics,health"
570,24,Markfort,"business,sports,art,music"
571,59,West Dennisview,"art,travel"
572,24,East Ellen,"sports,finance,politics,fitness,science"
573,34,East Kristinaburgh,movies
574,53,New Jason,"health,pets"
575,47,South Tiffanyborough,"finance,fashion,education,art,politics"
576,24,East William,"health,books,art,technology,environment"
577,64,Thompsonville,"science,music,movies"
578,39,South Christopherberg,"art,gaming"
579,48,Wellsville,"food,health,environment,art"
580,64,West Brittanystad,education
581,69,New Justinchester,"fitness,music,gaming,sports"
582,39,Sarahview,technology
583,65,Pittsborough,travel
584,53,Wilsonfurt,"health,travel"
585,45,South Nicholashaven,"fitness,business"
586,58,Floreshaven,"fashion,politics,travel,business"
587,55,West Kevinview,"politics,technology,food,education"
588,35,Vargasside,"politics,technology,food,business"
589,24,North Makaylaside,finance
590,25,Lake Drew,"travel,art,fitness,food,education"
591,56,Taraburgh,"environment,health,fitness"
592,40,Cruzton,"pets,politics,movies,art"
593,61,Waltonfort,"pets,travel,gaming,music"
594,33,Josestad,"fitness,movies"
595,62,Williamsview,"movies,travel,art"
596,44,Linview,"health,politics"
597,49,New Susan,"books,finance,politics,science,travel"
598,26,Lake Lisa,"travel,business,pets,environment,gaming"
599,57,Port Robert,"fitness,education"
600,18,East Jennifer,art
601,59,Kelleyshire,"books,food,politics,health"
602,49,New Keith,"science,environment,pets,education"
603,19,Ortiztown,"music,finance"
604,35,Katherineville,"gaming,sports"
605,28,North Johnbury,"business,gaming"
606,25,South Jamesmouth,"finance,environment,business,health"
607,66,Stevenshaven,"movies,photography,business,art,sports"
608,65,Lake Robert,"business,food,science,movies"
609,46,Lake Dominiqueborough,"gaming,sports"
610,25,Adamsmouth,"art,music,education"
611,62,Smithshire,"food,finance"
612,57,Grayview,"pets,science,travel"
613,69,Joannborough,"food,pets"
614,40,Port Laura,finance
615,36,East Mary,"photography,business,travel,fitness,gaming"
616,21,New Douglasport,"photography,health,movies,books,science"
617,27,West Amanda,"books,pets,fashion"
618,27,Alicialand,"fashion,politics,environment"
619,58,North Shaneport,"photography,science,politics,education,music"
620,50,New Rachelland,politics
621,38,Schwartzmouth,"art,education,environment"
622,68,New Renee,"technology,music,education,art,finance"
623,35,East Cameron,"politics,food,science,finance,environment"
624,54,West Kevinberg,"gaming,fitness,business"
625,68,Rachelstad,"finance,environment"
626,58,Martinezfurt,"sports,pets,movies"
627,47,Jasminetown,"technology,movies,travel,education"
628,30,Jonesfurt,science
629,35,Jeremyhaven,"gaming,travel"
630,34,Jessicabury,art
631,60,Katrinaland,art
632,58,Pricefurt,"sports,politics"
633,63,Murphyside,"fashion,science,music"
634,31,East Jacqueline,technology
635,61,North Michael,"music,books,fashion,health"
636,45,Mendozaberg,"technology,pets,fitness,movies"
637,32,North Wesleytown,"environment,music"
638,41,Port Shelby,"music,movies,finance,fitness"
639,59,Braunhaven,"books,politics,pets"
640,54,South Michelleland,"music,health"
641,59,Schneiderside,pets
642,64,Chandlerfurt,"education,art"
643,57,South Tonya,"books,science"
644,66,New Christopher,"food,music,movies,books"
645,64,Suttonfort,finance
646,33,Tapiaberg,"art,science,fitness,books"
647,56,Riceview,"music,fashion,business"
648,51,East Phillip,"pets,gaming,technology,finance,food"
649,68,Port Kelly,"health,food,politics,gaming,sports"
650,25,Brandonport,"environment,politics"
651,51,New Angelaside,"environment,music"
652,38,East Karen,art
653,44,Davidmouth,"politics,finance"
654,67,Smithmouth,"business,travel,environment"
655,55,Port Andreaburgh,technology
656,34,Lake Hannahmouth,technology
657,68,Ruizmouth,"sports,pets"
658,45,Lisafurt,"health,gaming,pets,science"
659,35,Martinezfurt,"music,business,finance,books"
660,23,Greenborough,gaming
661,55,Lake Alexandermouth,"food,books,business,fitness,politics"
662,62,Port Jason,gaming
663,45,South Jason,"fashion,sports,pets,music"
664,57,Morganport,education
665,63,Lake Amy,"sports,gaming,travel,movies,technology"
666,49,Lake Shawn,"technology,travel"
667,28,Amymouth,"health,pets,photography"
668,67,North Larry,"books,photography,movies"
669,69,South Matthew,fitness
670,63,East Richardburgh,"photography,health,music,pets"
671,21,East Peter,"music,environment,education,health,art"
672,34,West Thomasport,"finance,travel,art,pets"
673,61,Jennahaven,finance
674,65,Port Melissa,fashion
675,48,North Stuart,"technology,sports,pets,fashion,finance"
676,20,West Tara,"politics,books,travel"
677,64,Port Katie,"science,fashion,fitness,finance,pets"
678,25,New James,"photography,music,art"
679,43,South Lisaburgh,"sports,travel,fashion,health,pets"
680,36,North Stefanie,education
681,47,Susanfurt,"fitness,music,business"
682,30,Payneborough,art
683,47,Michaelfurt,"finance,gaming,fashion"
684,64,Kellyville,"finance,environment,food"
685,32,Jenniferbury,"fashion,books,technology,science,business"
686,65,New Amytown,"art,technology,fitness,finance,politics"
687,33,Lake Timothymouth,"movies,food,health"
688,23,Hughesbury,"environment,sports,books,photography"
689,51,Dominguezville,fashion
690,50,Adriennechester,"art,education,music,movies"
691,55,West Dwayne,"politics,music"
692,34,Carolynborough,"sports,science,books,fashion,gaming"
693,46,Sabrinaside,"politics,fitness,finance"
694,26,Paulberg,"fashion,music,food"
695,47,Lake Dawn,"movies,books,pets,travel,education"
696,40,Melanieburgh,"science,movies,business"
697,47,West Caitlinshire,"education,gaming"
698,69,Valenzuelatown,"movies,music,travel"
699,38,Lake Calvin,"pets,sports,food"
700,40,New Brittanyville,"music,fashion"
701,70,East Patrickshire,"health,sports,gaming,photography"
702,46,Meganborough,"technology,politics"
703,69,North Miranda,"business,fashion,movies,education,pets"
704,21,Port Kendramouth,"movies,technology"
705,70,Thomastown,"books,food"
706,19,Lynchside,"art,music,photography,finance"
707,59,South Marioton,food
708,20,East Joshuaborough,"books,music,fitness,movies"
709,49,East Karenton,"sports,travel,science,politics"
710,61,Lake Stephen,politics
711,35,Davidside,"travel,art,food,pets"
712,57,New Davidtown,"education,books,sports"
713,53,South Amanda,"pets,fashion,gaming,environment,science"
714,26,Spencerstad,"sports,music,photography,politics"
715,42,Port Markside,"food,health,fashion,technology"
716,40,Hollystad,"environment,business,pets"
717,19,West Isaiahshire,"health,fitness,politics,photography,travel"
718,69,Martinburgh,"pets,fashion,technology"
719,40,Jonathanstad,"sports,environment,health"
720,35,Janicefurt,"fashion,travel,movies,pets,health"
721,29,Chadborough,"sports,fashion,politics,art,travel"
722,69,Davidborough,"finance,fitness"
723,54,East Laurie,"finance,technology,art"
724,29,Christinaberg,"books,finance,food,environment,gaming"
725,56,Palmerstad,"sports,music,pets,fashion"
726,48,Port Cynthiaberg,"technology,health"
727,57,Port William,fitness
728,63,Miketon,"books,fitness"
729,19,North Karenland,"fitness,sports"
730,67,West Amanda,"finance,books"
731,41,Kathleenchester,health
732,63,New Sara,art
733,38,Port Carmenhaven,"finance,movies,fitness,gaming"
734,68,Anthonyfurt,"travel,science"
735,32,Seanside,"fitness,travel,business,art"
736,29,West Joshua,"travel,politics,gaming,business,books"
737,43,East Tamiborough,finance
738,49,Salazarburgh,"sports,travel,fitness,fashion,movies"
739,33,Mckeebury,"fitness,music"
740,70,North Michael,"fitness,travel,music"
741,31,Brownmouth,"education,technology,photography"
742,34,East Kelli,"music,art"
743,21,Port Breannaville,technology
744,49,Thompsonmouth,"education,science,travel,finance"
745,48,Riverachester,"art,business,politics,movies"
746,36,North Heather,"fashion,travel,education,music,sports"
747,34,Andersonport,fitness
748,39,Savagebury,music
749,64,Fordside,"politics,travel"
750,23,Krystalfurt,business
751,45,Boydmouth,"pets,environment,technology"
752,28,Lake Loriborough,"pets,science"
753,39,Stevenborough,movies
754,62,Jonesview,"food,science"
755,24,Hammondton,"business,photography,gaming,pets,fashion"
756,54,Lake Taylorfort,politics
757,45,Charlesburgh,"environment,books,sports,art,technology"
758,70,Lake Richardberg,gaming
759,28,Lake Colleenstad,"environment,food,movies,technology,finance"
760,37,Charlesland,"music,environment,movies"
761,59,South Kevinberg,"environment,pets,photography,music"
762,29,North Stevenberg,"politics,travel,art,pets,business"
763,34,Lake James,"sports,photography,education,business"
764,21,Christopherborough,"photography,finance"
765,60,East Benjaminhaven,"movies,music"
766,53,New Stephanie,"business,science,fashion"
767,70,Port Lauren,politics
768,37,Alvaradotown,"science,business,environment,fashion,finance"
769,63,North Jefferyfurt,politics
770,54,West Sharon,health
771,28,Snyderfurt,"finance,books,movies,education,travel"
772,20,West Hectorville,"food,books"
773,56,Port Jessefort,"music,science,food,books"
774,42,Port Nicoleside,"fitness,music,finance"
775,18,Port Wayne,"politics,business,fitness,photography,education"
776,27,Luisborough,"finance,health,science,movies,business"
777,55,Mariaville,"finance,pets"
778,54,North Sandrachester,movies
779,52,Brownshire,gaming
780,59,South Gregory,"science,photography,politics"
781,35,New Jason,"finance,environment,sports,travel"
782,39,Lake Roger,"books,politics,sports,finance"
783,35,Laurafurt,"sports,environment"
784,37,Amandahaven,"technology,fitness,gaming"
785,26,Georgehaven,"environment,movies,fashion"
786,64,Hollandburgh,"education,fitness,photography"
787,31,Aprilside,"pets,music,food,education"
788,50,Mcdonaldville,"environment,health,art,sports"
789,63,South Troyfurt,"music,gaming"
790,30,Rachelberg,"politics,books,health,technology,travel"
791,20,South Christinaland,"sports,fashion"
792,41,Ryanside,"sports,art,food,photography"
793,33,Lancefort,"health,politics,movies,technology"
794,48,South Johnny,"environment,education,travel"
795,65,East Mitchell,"business,art,finance,travel,photography"
796,19,South Katherinetown,gaming
797,59,Port Jamesbury,"sports,travel,food,fashion"
798,59,East Timothy,"food,photography"
799,26,Jenniferbury,"health,technology,finance,environment"
800,32,Jefferyfurt,"pets,technology"
801,45,Taraborough,"pets,gaming,photography"
802,47,West John,"art,education,photography,food"
803,18,East Alexanderstad,"health,politics,movies"
804,48,Lake Richard,"art,business,gaming,finance,movies"
805,35,South Tracyhaven,fitness
806,30,East Ashley,"photography,pets,gaming"
807,21,North Sandra,"health,fashion"
808,36,West Richardmouth,"politics,fitness,books,technology,environment"
809,65,West Johnberg,"science,politics,finance"
810,63,Perezmouth,finance
811,50,Marymouth,"food,fitness,fashion,environment,art"
812,36,New Garyborough,"travel,business,pets"
813,26,Chanborough,environment
814,59,East Jodi,"business,travel,fitness"
815,40,Robinsonside,fashion
816,68,South Brandon,"gaming,science"
817,47,West Terri,"art,photography,gaming"
818,21,South Melissa,environment
819,61,New Timothybury,"finance,music,environment,food,movies"
820,27,Jeremyport,"health,gaming,science,sports"
821,44,Port James,"food,fitness"
822,49,Porterborough,"education,books,fitness,travel,music"
823,18,Baileyfurt,"travel,fitness,sports"
824,49,Aaronhaven,"photography,food,travel,business"
825,57,Latoyashire,books
826,42,Kaufmanmouth,"science,politics,pets,environment"
827,52,East Williamburgh,sports
828,38,Dianaport,"art,technology"
829,62,Port Ian,"food,technology,finance,fashion,health"
830,42,West Andrewville,"gaming,books,movies"
831,37,Daviston,"finance,gaming,travel,music,sports"
832,39,Fuentesside,"education,health,finance"
833,66,Lake Christophermouth,"books,fitness,environment,art"
834,19,Duncanland,"travel,politics"
835,31,Bookerhaven,"fashion,books"
836,50,South Alison,finance
837,63,New Bridget,"movies,art"
838,58,West Dawnborough,politics
839,60,West Jessicaville,"business,sports,finance"
840,21,Grayland,technology
841,46,Lake James,science
842,62,Timothystad,"movies,business,photography,environment"
843,37,New Josehaven,"food,technology"
844,44,Christopherport,"movies,health,photography,books"
845,64,East Melissastad,health
846,30,South Julianfort,"movies,gaming,pets,business,environment"
847,63,New Kimberly,"food,photography,health,pets,art"
848,31,South Justin,"gaming,travel,sports,environment"
849,60,Millerfort,"fitness,fashion,technology,business"
850,54,West Annhaven,movies
851,64,North Timothy,"books,music,health,finance"
852,59,Stewartchester,photography
853,34,South Victormouth,"education,gaming"
854,36,North Michael,"sports,movies,travel,pets"
855,24,Adamfurt,"fitness,science,movies"
856,26,Port Aaronberg,technology
857,46,North Sandraside,"fitness,art"
858,25,Dustinton,"photography,music,art,fitness,travel"
859,62,West Dana,"politics,education,photography,pets"
860,62,Sotoshire,"science,travel,movies,books"
861,24,Thomaston,travel
862,57,West Julieport,"finance,environment,education,travel"
863,49,East Michaelchester,"art,technology,books,environment"
864,46,Lake Amybury,science
865,34,New Jeffreyborough,music
866,60,Rileyville,"technology,health,fashion"
867,45,East Kevin,"health,pets,movies"
868,60,North Latoyaburgh,"environment,art"
869,59,New Stephanie,"books,business,sports,technology"
870,49,New Alisonview,"health,environment"
871,38,Alexachester,"music,environment"
872,21,New Chelseahaven,"fitness,photography"
873,23,Ellischester,"fashion,business,politics,finance,pets"
874,49,Michaelside,"education,finance,pets,music"
875,24,Hollytown,"fitness,movies,environment,technology"
876,70,West Melissabury,"science,sports,business,technology"
877,57,Port Sean,pets
878,59,Bryantville,"health,business,food"
879,47,East Anthonyshire,"fitness,art,sports,fashion"
880,63,South Justintown,"business,environment,art"
881,39,Lake Suzanne,"movies,pets,fashion,technology"
882,41,Gentryhaven,"gaming,business,health"
883,28,Chapmanburgh,sports
884,57,East Samuel,"books,science,movies,photography"
885,43,Luistown,"food,movies"
886,63,Hollandstad,"education,food"
887,58,Garciaburgh,"movies,science,sports"
888,49,Lake Jesseport,"movies,education,finance,health,books"
889,65,Lawrencehaven,health
890,45,East Nicholasborough,business
891,24,Robinsonview,"environment,health,travel,business,books"
892,44,Ryanshire,"pets,fitness,health,politics"
893,46,South Annahaven,"fashion,photography,politics,fitness,gaming"
894,56,New Joseph,"books,science"
895,31,Davidburgh,"gaming,business,fitness,food,health"
896,63,Karenburgh,"gaming,art,books,travel,fitness"
897,53,West Katherine,art
898,45,Floydborough,"finance,pets,science,gaming"
899,24,West Kimberly,health
900,27,North Margaret,politics
901,30,Matthewport,sports
902,27,North Joshua,"travel,gaming,photography"
903,31,Bauerland,gaming
904,65,Jessicachester,"sports,art,education,movies,fashion"
905,42,Port Michaelside,"politics,fashion,health,gaming,sports"
906,18,East Guy,"science,fitness,business,sports"
907,58,East Jesseside,"food,education,fashion"
908,67,Cindyfurt,"finance,business,food"
909,29,Russellhaven,"gaming,education"
910,29,Santiagoshire,travel
911,53,South Brettfurt,"movies,politics,sports,science,photography"
912,18,Williamston,"books,travel,photography"
913,27,Port Jason,"education,books,sports"
914,49,South Tamara,"pets,sports,gaming"
915,29,East Danielburgh,"business,art,music,fitness,fashion"
916,23,Mariabury,"music,health,travel,science,politics"
917,39,Patriciaport,"fashion,food,fitness"
918,48,Cynthiaton,"gaming,food,health"
919,59,Gutierrezland,"technology,movies,art,education,fashion"
920,68,Kathymouth,"pets,fashion,sports,fitness,politics"
921,34,Tracifort,politics
922,49,Lake Jenna,"gaming,technology,health,art,education"
923,59,Griffinport,gaming
924,23,East Michellestad,"fitness,health"
925,67,West Adrianhaven,travel
926,61,Lake Courtney,"business,technology,music,food,health"
927,59,New Michaelstad,"movies,food,business,science"
928,19,Deanville,books
929,21,Patrickfort,"fitness,sports,music,business"
930,22,New Joseshire,"photography,business"
931,58,East Richard,"fashion,photography,science,politics,education"
932,61,Meadowsshire,"science,fitness,technology,politics"
933,18,New Josebury,business
934,50,New Peterport,"music,finance,sports,pets,art"
935,68,Mirandamouth,gaming
936,66,Robertsmouth,"pets,music,gaming"
937,28,Taylorchester,"politics,pets,technology,environment"
938,37,Lake Mario,"fashion,books,politics,gaming,finance"
939,27,East Robin,"technology,business,finance"
940,18,Henryview,sports
941,31,Marthaberg,"pets,politics,business,music,gaming"
942,27,West April,"food,science,health"
943,57,Grantstad,"travel,fashion"
944,60,Lake Jean,"food,movies,travel"
945,60,Carlsonburgh,"sports,business,education,music,gaming"
946,24,Marisabury,photography
947,39,Henrychester,"finance,environment"
948,36,Port Jessica,"books,fashion,movies"
949,39,West Sarah,"music,food,fitness,environment,education"
950,45,Austinfort,"gaming,finance,books,art,fitness"
951,33,Rosaleschester,"technology,fitness"
952,41,North Leslie,"science,photography"
953,47,West Samantha,"fitness,environment"
954,29,East Cliffordhaven,"art,gaming,environment,movies"
955,64,Haneyside,"music,photography,books,food,finance"
956,19,East Matthew,music
957,53,Robertchester,"technology,finance,politics,food,sports"
958,59,Port Ericfurt,"business,pets,environment"
959,32,Port Jeremy,"art,politics"
960,43,Hayschester,"gaming,books,education,health,music"
961,69,North Michaelberg,"health,technology,fashion"
962,29,North Sandra,"travel,health,books,education,pets"
963,32,Boydside,"finance,books,environment,art,sports"
964,32,South Deanhaven,"fashion,music,photography,art"
965,51,Lake Jason,food
966,20,New Kathyside,"politics,environment,education"
967,24,Aaronhaven,fitness
968,59,Josephmouth,"photography,pets,business,travel,politics"
969,34,East Ryan,"art,finance,music,health"
970,70,West Kevin,"fashion,health,politics,art"
971,50,East Sara,"environment,pets,technology"
972,32,North Jeffreyport,"education,travel"
973,59,Lake Traceyview,health
974,28,Amberville,"food,books,travel"
975,44,Jamesmouth,"pets,movies,fashion"
976,48,Port Dean,"movies,environment,finance"
977,59,Murphyfurt,"finance,travel"
978,54,Lake Josephmouth,"technology,fashion,sports,books"
979,21,Michaelton,"travel,books,health,sports,finance"
980,51,Gonzalesshire,"photography,travel"
981,23,New Joshua,"pets,finance,technology,gaming"
982,48,West Jacobborough,"education,environment"
983,56,Lesliemouth,"fashion,science"
984,57,New Paulchester,"finance,travel"
985,32,South Tammy,"photography,travel,fitness,education,music"
986,30,New Davidbury,"politics,books,movies,technology"
987,48,Spencerhaven,"health,science,books,movies,travel"
988,23,South Garychester,"pets,sports,business,health,movies"
989,51,East Jacobchester,"books,business,technology,science"
990,32,Briannaberg,"art,sports,health,science"
991,26,Seanland,"politics,art,movies,science"
992,36,North Christopherburgh,"environment,fashion,music"
993,63,New Kathleenberg,"business,science,photography,food,technology"
994,51,Port Jessicaberg,finance
995,18,South Tanyamouth,health
996,24,Melanieville,"food,fitness,science,art"
997,34,Crystalport,"science,finance"
998,57,Port Hunter,"business,science,art"
999,53,Mendezburgh,"politics,food,science"
1000,37,New Paul,"environment,travel,art,pets,photography"
